INSERT INTO FEDERATION (ID, NAME, DISPLAYID) VALUES (1, 'Bremen', 1);
INSERT INTO FEDERATION (ID, NAME, DISPLAYID) VALUES (2, 'Hamburg', 2);
INSERT INTO FEDERATION (ID, NAME, DISPLAYID) VALUES (3, 'Schleswig-Holstein', 3);
INSERT INTO FEDERATION (ID, NAME, DISPLAYID) VALUES (4, 'Mecklenburg-Vorpommern', 4);
INSERT INTO FEDERATION (ID, NAME, DISPLAYID) VALUES (5, 'Nordrhein-Westfalen', 5);
INSERT INTO FEDERATION (ID, NAME, DISPLAYID) VALUES (6, 'Hessen', 6);
INSERT INTO FEDERATION (ID, NAME, DISPLAYID) VALUES (7, 'Sachsen-Anhalt', 7);
INSERT INTO FEDERATION (ID, NAME, DISPLAYID) VALUES (8, 'Thüringen', 8);
INSERT INTO FEDERATION (ID, NAME, DISPLAYID) VALUES (9, 'Brandenburg', 9);
INSERT INTO FEDERATION (ID, NAME, DISPLAYID) VALUES (10, 'Berlin', 10);
INSERT INTO FEDERATION (ID, NAME, DISPLAYID) VALUES (11, 'Sachsen', 11);
INSERT INTO FEDERATION (ID, NAME, DISPLAYID) VALUES (12, 'Rheinland-Pfalz', 12);
INSERT INTO FEDERATION (ID, NAME, DISPLAYID) VALUES (13, 'Saarland', 13);
INSERT INTO FEDERATION (ID, NAME, DISPLAYID) VALUES (14, 'Baden', 14);
INSERT INTO FEDERATION (ID, NAME, DISPLAYID) VALUES (15, 'Würtemberg', 15);
INSERT INTO FEDERATION (ID, NAME, DISPLAYID) VALUES (16, 'Bayern', 16);
INSERT INTO FEDERATION (ID, NAME, DISPLAYID) VALUES (17, 'Niedersachsen', 17);

INSERT INTO DISTRICT (ID, NAME, FEDERATION_ID, DISPLAYID) VALUES (1, 'Bremen', 1, '0101');
INSERT INTO DISTRICT (ID, NAME, FEDERATION_ID, DISPLAYID) VALUES (2, 'Hamburg', 2, '0201');
INSERT INTO DISTRICT (ID, NAME, FEDERATION_ID, DISPLAYID) VALUES (3, 'Schleswig-Holstein', 3, '0301');
INSERT INTO DISTRICT (ID, NAME, FEDERATION_ID, DISPLAYID) VALUES (4, 'Mecklenburg-Vorpommern', 4, '0401');
INSERT INTO DISTRICT (ID, NAME, FEDERATION_ID, DISPLAYID) VALUES (5, 'Aachen', 5, '0501');
INSERT INTO DISTRICT (ID, NAME, FEDERATION_ID, DISPLAYID) VALUES (6, 'Bielefeld', 5, '0502');
INSERT INTO DISTRICT (ID, NAME, FEDERATION_ID, DISPLAYID) VALUES (7, 'Arnsberg', 5, '0503');
INSERT INTO DISTRICT (ID, NAME, FEDERATION_ID, DISPLAYID) VALUES (8, 'Köln', 5, '0504');
INSERT INTO DISTRICT (ID, NAME, FEDERATION_ID, DISPLAYID) VALUES (9, 'Düsseldorf', 5, '0505');
INSERT INTO DISTRICT (ID, NAME, FEDERATION_ID, DISPLAYID) VALUES (10, 'Mönchengladbach', 5, '0506');
INSERT INTO DISTRICT (ID, NAME, FEDERATION_ID, DISPLAYID) VALUES (11, 'Siegen', 5, '0507');
INSERT INTO DISTRICT (ID, NAME, FEDERATION_ID, DISPLAYID) VALUES (12, 'Polizei', 5, '0508');
INSERT INTO DISTRICT (ID, NAME, FEDERATION_ID, DISPLAYID) VALUES (13, 'Justiz', 5, '0509');
INSERT INTO DISTRICT (ID, NAME, FEDERATION_ID, DISPLAYID) VALUES (14, 'Jiu-Jitsu', 5, '0510');
INSERT INTO DISTRICT (ID, NAME, FEDERATION_ID, DISPLAYID) VALUES (15, 'Hessen', 6, '0601');
INSERT INTO DISTRICT (ID, NAME, FEDERATION_ID, DISPLAYID) VALUES (16, 'Sachsen-Anhalt', 7, '0701');
INSERT INTO DISTRICT (ID, NAME, FEDERATION_ID, DISPLAYID) VALUES (17, 'Thüringen', 8, '0801');
INSERT INTO DISTRICT (ID, NAME, FEDERATION_ID, DISPLAYID) VALUES (18, 'Brandenburg', 9, '0901');
INSERT INTO DISTRICT (ID, NAME, FEDERATION_ID, DISPLAYID) VALUES (19, 'Berlin', 10, '1001');
INSERT INTO DISTRICT (ID, NAME, FEDERATION_ID, DISPLAYID) VALUES (20, 'Sachsen', 11, '1101');
INSERT INTO DISTRICT (ID, NAME, FEDERATION_ID, DISPLAYID) VALUES (21, 'Rheinland-Pfalz', 12, '1201');
INSERT INTO DISTRICT (ID, NAME, FEDERATION_ID, DISPLAYID) VALUES (22, 'Saarland', 13, '1301');
INSERT INTO DISTRICT (ID, NAME, FEDERATION_ID, DISPLAYID) VALUES (23, 'Baden', 14, '1401');
INSERT INTO DISTRICT (ID, NAME, FEDERATION_ID, DISPLAYID) VALUES (24, 'Würtemberg', 15, '1501');
INSERT INTO DISTRICT (ID, NAME, FEDERATION_ID, DISPLAYID) VALUES (25, 'Oberbayern', 16, '1601');
INSERT INTO DISTRICT (ID, NAME, FEDERATION_ID, DISPLAYID) VALUES (26, 'Niederbayern', 16, '1602');
INSERT INTO DISTRICT (ID, NAME, FEDERATION_ID, DISPLAYID) VALUES (27, 'Oberfranken', 16, '1603');
INSERT INTO DISTRICT (ID, NAME, FEDERATION_ID, DISPLAYID) VALUES (28, 'Mittelfranken', 16, '1604');
INSERT INTO DISTRICT (ID, NAME, FEDERATION_ID, DISPLAYID) VALUES (29, 'Unterfranken', 16, '1605');
INSERT INTO DISTRICT (ID, NAME, FEDERATION_ID, DISPLAYID) VALUES (30, 'Oberpfalz', 16, '1606');
INSERT INTO DISTRICT (ID, NAME, FEDERATION_ID, DISPLAYID) VALUES (31, 'Schwaben', 16, '1607');
INSERT INTO DISTRICT (ID, NAME, FEDERATION_ID, DISPLAYID) VALUES (32, 'Braunschweig', 17, '1701');
INSERT INTO DISTRICT (ID, NAME, FEDERATION_ID, DISPLAYID) VALUES (33, 'Hannover', 17, '1702');
INSERT INTO DISTRICT (ID, NAME, FEDERATION_ID, DISPLAYID) VALUES (34, 'Lüneburg', 17, '1703');
INSERT INTO DISTRICT (ID, NAME, FEDERATION_ID, DISPLAYID) VALUES (35, 'Weser-Ems', 17, '1704');

INSERT INTO FUNCTION (ID, FUNCTION) VALUES (1, 'menu.my_club');
INSERT INTO FUNCTION (ID, FUNCTION) VALUES (2, 'menu.courses');
INSERT INTO FUNCTION (ID, FUNCTION) VALUES (3, 'course.list.district');
INSERT INTO FUNCTION (ID, FUNCTION) VALUES (4, 'course.list.federation');

INSERT INTO ROLE (ID, ROLE) VALUES (1, 'Vereinsvertreter');
INSERT INTO ROLE (ID, ROLE) VALUES (2, 'Bezirksvertreter');
INSERT INTO ROLE (ID, ROLE) VALUES (3, 'Referent Lehrwesen');

INSERT INTO ROLE_FUNCTION (ROLE_ID, FUNCTION_ID) VALUES (1, 1);
INSERT INTO ROLE_FUNCTION (ROLE_ID, FUNCTION_ID) VALUES (2, 2);
INSERT INTO ROLE_FUNCTION (ROLE_ID, FUNCTION_ID) VALUES (2, 3);
INSERT INTO ROLE_FUNCTION (ROLE_ID, FUNCTION_ID) VALUES (3, 2);
INSERT INTO ROLE_FUNCTION (ROLE_ID, FUNCTION_ID) VALUES (3, 4);

INSERT INTO ANNOTATION (ID, NAME) VALUES (1, 'Teilnehmer');
INSERT INTO ANNOTATION (ID, NAME) VALUES (2, 'Referent');
INSERT INTO ANNOTATION (ID, NAME) VALUES (3, 'Vorstand');

INSERT INTO CONFIGURATION (ID, KEY, VALUE) VALUES (1, 'profile_pic.path', 'c:/jupa/profilepics/');
INSERT INTO CONFIGURATION VALUES(2,'sendmail.enabled','true');
INSERT INTO CONFIGURATION VALUES(3,'sendmail.newuser.subject','Herzlich willkommen beim DJJV!');
INSERT INTO CONFIGURATION VALUES(4,'sendmail.newuser.body','Hallo %s,\ndu wurdest von deinem Vereinsvertreter als neues Mitglied im DJJV angelegt. Dadurch erhälst du Zugriff zu deinem Digitalem Mitgliedsausweises. Du kannst auf das Portal zugreifen, indem du auf <a href="https://www.djjv.de/jupa">JuPa</a> gehst.\n\nDeine Zugangsdaten lauten:\\n Benutzername: %s\n Passwort: %s\n\nViele Grüße\nDein DJJV');

INSERT INTO CLUB (ID, NAME, DISTRICT_ID, DISPLAYID) VALUES (1, 'TV 1875 Paderborn e.V.', 6, '0502001');
INSERT INTO CLUB (ID, NAME, DISTRICT_ID, DISPLAYID) VALUES (2, 'SG Erfstadt 1970 e.V.', 8, '0504001');
INSERT INTO CLUB (ID, NAME, DISTRICT_ID, DISPLAYID) VALUES (3, 'TV "Jahn" Bad Driburg e.V.', 6, '0502002');
INSERT INTO CLUB (ID, NAME, DISTRICT_ID, DISPLAYID) VALUES (4, 'TV Eichen 1888 e.V.', 7, '0503001');

INSERT INTO USER (ID, USERNAME, PASSWORD, FORENAME, SURNAME, EMAIL, BIRTHDAY) VALUES (1,  '0502001000015', '$2a$10$xXJyLb2V3OV9wucqMeoQc.U82OggalhkcNzBclrhX8tyhm6LXcZ7K', 'Schüler', 'Eins', 'a1@b.de', '2000-01-01');
INSERT INTO USER (ID, USERNAME, PASSWORD, FORENAME, SURNAME, EMAIL, BIRTHDAY) VALUES (2,  '0504001000019', '$2a$10$xXJyLb2V3OV9wucqMeoQc.U82OggalhkcNzBclrhX8tyhm6LXcZ7K', 'Chefin', 'desVereins', 'a2@b.de', '2000-02-02');
INSERT INTO USER (ID, USERNAME, PASSWORD, FORENAME, SURNAME, EMAIL, BIRTHDAY) VALUES (3,  '0502001000022', '$2a$10$xXJyLb2V3OV9wucqMeoQc.U82OggalhkcNzBclrhX8tyhm6LXcZ7K', 'Chef', 'desVereins', 'a3@b.de', '2000-03-03');
INSERT INTO USER (ID, USERNAME, PASSWORD, FORENAME, SURNAME, EMAIL, BIRTHDAY) VALUES (4,  '0502002000014', '$2a$10$xXJyLb2V3OV9wucqMeoQc.U82OggalhkcNzBclrhX8tyhm6LXcZ7K', 'Referent', 'desBezirkes', 'a4@b.de', '2004-04-01');
INSERT INTO USER (ID, USERNAME, PASSWORD, FORENAME, SURNAME, EMAIL, BIRTHDAY) VALUES (5,  '0503001000012', '$2a$10$xXJyLb2V3OV9wucqMeoQc.U82OggalhkcNzBclrhX8tyhm6LXcZ7K', 'Lehr', 'Wart', 'a5@b.de', '2005-05-01');
INSERT INTO USER (ID, USERNAME, PASSWORD, FORENAME, SURNAME, EMAIL, BIRTHDAY) VALUES (6,  '0502001000039', '$2a$10$xXJyLb2V3OV9wucqMeoQc.U82OggalhkcNzBclrhX8tyhm6LXcZ7K', 'Schler', 'Zwei', 'a6@b.de', '2000-06-06');
INSERT INTO USER (ID, USERNAME, PASSWORD, FORENAME, SURNAME, EMAIL, BIRTHDAY) VALUES (7,  '0502001000046', '$2a$10$xXJyLb2V3OV9wucqMeoQc.U82OggalhkcNzBclrhX8tyhm6LXcZ7K', 'Schüler', 'Drei', 'a7@b.de', '2000-07-07');
INSERT INTO USER (ID, USERNAME, PASSWORD, FORENAME, SURNAME, EMAIL, BIRTHDAY) VALUES (8,  '0502001000053', '$2a$10$xXJyLb2V3OV9wucqMeoQc.U82OggalhkcNzBclrhX8tyhm6LXcZ7K', 'Schüler', 'Vier', 'a8@b.de', '2000-08-08');
INSERT INTO USER (ID, USERNAME, PASSWORD, FORENAME, SURNAME, EMAIL, BIRTHDAY) VALUES (9,  '0502001000060', '$2a$10$xXJyLb2V3OV9wucqMeoQc.U82OggalhkcNzBclrhX8tyhm6LXcZ7K', 'Schüler', 'Fünf', 'a9@b.de', '2000-09-09');
INSERT INTO USER (ID, USERNAME, PASSWORD, FORENAME, SURNAME, EMAIL, BIRTHDAY) VALUES (10, '0502001000077', '$2a$10$xXJyLb2V3OV9wucqMeoQc.U82OggalhkcNzBclrhX8tyhm6LXcZ7K', 'Schüler', 'Sechs', 'a10@b.de', '2000-10-10');
INSERT INTO USER (ID, USERNAME, PASSWORD, FORENAME, SURNAME, EMAIL, BIRTHDAY) VALUES (11, '0502001000084', '$2a$10$xXJyLb2V3OV9wucqMeoQc.U82OggalhkcNzBclrhX8tyhm6LXcZ7K', 'Schüler', 'Sieben', 'a11@b.de', '2000-11-11');

INSERT INTO USER_ROLE (USER_ID, ROLE_ID) VALUES (2, 1);
INSERT INTO USER_ROLE (USER_ID, ROLE_ID) VALUES (3, 1);
INSERT INTO USER_ROLE (USER_ID, ROLE_ID) VALUES (4, 1);
INSERT INTO USER_ROLE (USER_ID, ROLE_ID) VALUES (4, 2);
INSERT INTO USER_ROLE (USER_ID, ROLE_ID) VALUES (5, 1);
INSERT INTO USER_ROLE (USER_ID, ROLE_ID) VALUES (5, 3);

INSERT INTO DISCIPLINE VALUES(0,'Ju-Jutsu');
INSERT INTO DISCIPLINE VALUES(1,'Jiu-Jitsu');
INSERT INTO DISCIPLINE VALUES(2,'Brazilian Jiu-Jitsu');
INSERT INTO DISCIPLINE VALUES(3,'Hanbo-Jutsu');

INSERT INTO GRADING (ID, DISCIPLINE_ID, NAME, SORTORDER) VALUES(1,0,'6.1 Kyu',2);
INSERT INTO GRADING (ID, DISCIPLINE_ID, NAME, SORTORDER) VALUES(2,0,'6.2 Kyu',3);
INSERT INTO GRADING (ID, DISCIPLINE_ID, NAME, SORTORDER) VALUES(3,0,'5. Kyu',4);
INSERT INTO GRADING (ID, DISCIPLINE_ID, NAME, SORTORDER) VALUES(4,0,'5.1 Kyu',5);
INSERT INTO GRADING (ID, DISCIPLINE_ID, NAME, SORTORDER) VALUES(5,0,'5.2 Kyu',6);
INSERT INTO GRADING (ID, DISCIPLINE_ID, NAME, SORTORDER) VALUES(6,0,'4. Kyu',7);
INSERT INTO GRADING (ID, DISCIPLINE_ID, NAME, SORTORDER) VALUES(7,0,'4.1 Kyu',8);
INSERT INTO GRADING (ID, DISCIPLINE_ID, NAME, SORTORDER) VALUES(8,0,'3. Kyu',9);
INSERT INTO GRADING (ID, DISCIPLINE_ID, NAME, SORTORDER) VALUES(9,0,'3.1 Kyu',10);
INSERT INTO GRADING (ID, DISCIPLINE_ID, NAME, SORTORDER) VALUES(10,0,'2. Kyu',11);
INSERT INTO GRADING (ID, DISCIPLINE_ID, NAME, SORTORDER) VALUES(11,0,'2.1 Kyu',12);
INSERT INTO GRADING (ID, DISCIPLINE_ID, NAME, SORTORDER) VALUES(12,0,'1. Kyu',13);
INSERT INTO GRADING (ID, DISCIPLINE_ID, NAME, SORTORDER) VALUES(13,0,'1. Dan',14);
INSERT INTO GRADING (ID, DISCIPLINE_ID, NAME, SORTORDER) VALUES(14,0,'2. Dan',15);
INSERT INTO GRADING (ID, DISCIPLINE_ID, NAME, SORTORDER) VALUES(15,0,'3. Dan',16);
INSERT INTO GRADING (ID, DISCIPLINE_ID, NAME, SORTORDER) VALUES(16,0,'4. Dan',17);
INSERT INTO GRADING (ID, DISCIPLINE_ID, NAME, SORTORDER) VALUES(17,0,'5. Dan',18);
INSERT INTO GRADING (ID, DISCIPLINE_ID, NAME, SORTORDER) VALUES(18,0,'6. Dan',19);
INSERT INTO GRADING (ID, DISCIPLINE_ID, NAME, SORTORDER) VALUES(19,0,'7. Dan',20);
INSERT INTO GRADING (ID, DISCIPLINE_ID, NAME, SORTORDER) VALUES(20,0,'8. Dan',21);
INSERT INTO GRADING (ID, DISCIPLINE_ID, NAME, SORTORDER) VALUES(21,0,'9. Dan',22);
INSERT INTO GRADING (ID, DISCIPLINE_ID, NAME, SORTORDER) VALUES(22,0,'10. Dan',23);

INSERT INTO USER_GRADING (ID, USER_ID, GRADING_ID, DATE) VALUES(0,1,15,'2012-06-30');
INSERT INTO USER_GRADING (ID, USER_ID, GRADING_ID, DATE) VALUES(1,1,14,'2009-11-14');
INSERT INTO USER_GRADING (ID, USER_ID, GRADING_ID, DATE) VALUES(2,1,13,'2007-06-16');
INSERT INTO USER_GRADING (ID, USER_ID, GRADING_ID, DATE) VALUES(3,1,12,'2005-07-23');
INSERT INTO USER_GRADING (ID, USER_ID, GRADING_ID, DATE) VALUES(4,1,10,'2001-12-01');
INSERT INTO USER_GRADING (ID, USER_ID, GRADING_ID, DATE) VALUES(5,1,8,'2000-10-07');
INSERT INTO USER_GRADING (ID, USER_ID, GRADING_ID, DATE) VALUES(6,1,6,'1999-11-27');
INSERT INTO USER_GRADING (ID, USER_ID, GRADING_ID, DATE) VALUES(7,1,3,'1999-05-22');
INSERT INTO USER_GRADING (ID, USER_ID, GRADING_ID, DATE) VALUES(8,3,3,'1988-11-23');
INSERT INTO USER_GRADING (ID, USER_ID, GRADING_ID, DATE) VALUES(9,3,6,'1989-07-10');
INSERT INTO USER_GRADING (ID, USER_ID, GRADING_ID, DATE) VALUES(10,3,8,'1990-03-14');
INSERT INTO USER_GRADING (ID, USER_ID, GRADING_ID, DATE) VALUES(11,3,10,'1991-02-27');
INSERT INTO USER_GRADING (ID, USER_ID, GRADING_ID, DATE) VALUES(12,3,12,'1991-11-27');
INSERT INTO USER_GRADING (ID, USER_ID, GRADING_ID, DATE) VALUES(13,3,13,'1992-12-12');
INSERT INTO USER_GRADING (ID, USER_ID, GRADING_ID, DATE) VALUES(14,3,14,'2000-09-02');
INSERT INTO USER_GRADING (ID, USER_ID, GRADING_ID, DATE) VALUES(15,3,15,'2004-09-11');

INSERT INTO MEMBERSHIP (ID, BEGINDATE, ENDDATE, MAINCLUB, USER_ID, CLUB_ID) VALUES (1, '2003-01-01', null, true, 1, 1);
INSERT INTO MEMBERSHIP (ID, BEGINDATE, ENDDATE, MAINCLUB, USER_ID, CLUB_ID) VALUES (2, '1998-12-11', '2003-01-01', false, 1, 2);
INSERT INTO MEMBERSHIP (ID, BEGINDATE, ENDDATE, MAINCLUB, USER_ID, CLUB_ID) VALUES (3, '2003-01-01', null, true, 2, 2);
INSERT INTO MEMBERSHIP (ID, BEGINDATE, ENDDATE, MAINCLUB, USER_ID, CLUB_ID) VALUES (4, '2003-01-01', null, true, 3, 1);
INSERT INTO MEMBERSHIP (ID, BEGINDATE, ENDDATE, MAINCLUB, USER_ID, CLUB_ID) VALUES (5, '2003-01-01', null, true, 4, 3);
INSERT INTO MEMBERSHIP (ID, BEGINDATE, ENDDATE, MAINCLUB, USER_ID, CLUB_ID) VALUES (6, '2003-01-01', null, true, 5, 4);
INSERT INTO MEMBERSHIP (ID, BEGINDATE, ENDDATE, MAINCLUB, USER_ID, CLUB_ID) VALUES (7, '2003-01-01', null, true, 6, 1);
INSERT INTO MEMBERSHIP (ID, BEGINDATE, ENDDATE, MAINCLUB, USER_ID, CLUB_ID) VALUES (8, '2003-01-01', null, true, 7, 1);
INSERT INTO MEMBERSHIP (ID, BEGINDATE, ENDDATE, MAINCLUB, USER_ID, CLUB_ID) VALUES (9, '2003-01-01', null, true, 8, 1);
INSERT INTO MEMBERSHIP (ID, BEGINDATE, ENDDATE, MAINCLUB, USER_ID, CLUB_ID) VALUES (10, '2003-01-01', null, true, 9, 1);
INSERT INTO MEMBERSHIP (ID, BEGINDATE, ENDDATE, MAINCLUB, USER_ID, CLUB_ID) VALUES (11, '2003-01-01', null, true, 10, 1);
INSERT INTO MEMBERSHIP (ID, BEGINDATE, ENDDATE, MAINCLUB, USER_ID, CLUB_ID) VALUES (12, '2003-01-01', null, true, 11, 1);
