INSERT INTO FEDERATION (ID, NAME, DISPLAYID) VALUES (1, 'Bremen', 1);
INSERT INTO FEDERATION (ID, NAME, DISPLAYID) VALUES (2, 'Hamburg', 2);
INSERT INTO FEDERATION (ID, NAME, DISPLAYID) VALUES (3, 'Schleswig-Holstein', 3);
INSERT INTO FEDERATION (ID, NAME, DISPLAYID) VALUES (4, 'Mecklenburg-Vorpommern', 4);
INSERT INTO FEDERATION (ID, NAME, DISPLAYID) VALUES (5, 'Nordrhein-Westfalen', 5);
INSERT INTO FEDERATION (ID, NAME, DISPLAYID) VALUES (6, 'Hessen', 6);
INSERT INTO FEDERATION (ID, NAME, DISPLAYID) VALUES (7, 'Sachsen-Anhalt', 7);
INSERT INTO FEDERATION (ID, NAME, DISPLAYID) VALUES (8, 'Thüringen', 8);
INSERT INTO FEDERATION (ID, NAME, DISPLAYID) VALUES (9, 'Brandenburg', 9);
INSERT INTO FEDERATION (ID, NAME, DISPLAYID) VALUES (10, 'Berlin', 10);
INSERT INTO FEDERATION (ID, NAME, DISPLAYID) VALUES (11, 'Sachsen', 11);
INSERT INTO FEDERATION (ID, NAME, DISPLAYID) VALUES (12, 'Rheinland-Pfalz', 12);
INSERT INTO FEDERATION (ID, NAME, DISPLAYID) VALUES (13, 'Saarland', 13);
INSERT INTO FEDERATION (ID, NAME, DISPLAYID) VALUES (14, 'Baden', 14);
INSERT INTO FEDERATION (ID, NAME, DISPLAYID) VALUES (15, 'Würtemberg', 15);
INSERT INTO FEDERATION (ID, NAME, DISPLAYID) VALUES (16, 'Bayern', 16);
INSERT INTO FEDERATION (ID, NAME, DISPLAYID) VALUES (17, 'Niedersachsen', 17);

INSERT INTO DISTRICT (ID, NAME, FEDERATION_ID, DISPLAYID) VALUES (1, 'Bremen', 1, 1);
INSERT INTO DISTRICT (ID, NAME, FEDERATION_ID, DISPLAYID) VALUES (2, 'Hamburg', 2, 1);
INSERT INTO DISTRICT (ID, NAME, FEDERATION_ID, DISPLAYID) VALUES (3, 'Schleswig-Holstein', 3, 1);
INSERT INTO DISTRICT (ID, NAME, FEDERATION_ID, DISPLAYID) VALUES (4, 'Mecklenburg-Vorpommern', 4, 1);
INSERT INTO DISTRICT (ID, NAME, FEDERATION_ID, DISPLAYID) VALUES (5, 'Aachen', 5, 1);
INSERT INTO DISTRICT (ID, NAME, FEDERATION_ID, DISPLAYID) VALUES (6, 'Bielefeld', 5, 2);
INSERT INTO DISTRICT (ID, NAME, FEDERATION_ID, DISPLAYID) VALUES (7, 'Arnsberg', 5, 3);
INSERT INTO DISTRICT (ID, NAME, FEDERATION_ID, DISPLAYID) VALUES (8, 'Köln', 5, 4);
INSERT INTO DISTRICT (ID, NAME, FEDERATION_ID, DISPLAYID) VALUES (9, 'Düsseldorf', 5, 5);
INSERT INTO DISTRICT (ID, NAME, FEDERATION_ID, DISPLAYID) VALUES (10, 'Mönchengladbach', 5, 6);
INSERT INTO DISTRICT (ID, NAME, FEDERATION_ID, DISPLAYID) VALUES (11, 'Siegen', 5, 7);
INSERT INTO DISTRICT (ID, NAME, FEDERATION_ID, DISPLAYID) VALUES (12, 'Polizei', 5, 8);
INSERT INTO DISTRICT (ID, NAME, FEDERATION_ID, DISPLAYID) VALUES (13, 'Justiz', 5, 9);
INSERT INTO DISTRICT (ID, NAME, FEDERATION_ID, DISPLAYID) VALUES (14, 'Jiu-Jitsu', 5, 10);
INSERT INTO DISTRICT (ID, NAME, FEDERATION_ID, DISPLAYID) VALUES (15, 'Hessen', 6, 1);
INSERT INTO DISTRICT (ID, NAME, FEDERATION_ID, DISPLAYID) VALUES (16, 'Sachsen-Anhalt', 7, 1);
INSERT INTO DISTRICT (ID, NAME, FEDERATION_ID, DISPLAYID) VALUES (17, 'Thüringen', 8, 1);
INSERT INTO DISTRICT (ID, NAME, FEDERATION_ID, DISPLAYID) VALUES (18, 'Brandenburg', 9, 1);
INSERT INTO DISTRICT (ID, NAME, FEDERATION_ID, DISPLAYID) VALUES (19, 'Berlin', 10, 1);
INSERT INTO DISTRICT (ID, NAME, FEDERATION_ID, DISPLAYID) VALUES (20, 'Sachsen', 11, 1);
INSERT INTO DISTRICT (ID, NAME, FEDERATION_ID, DISPLAYID) VALUES (21, 'Rheinland-Pfalz', 12, 1);
INSERT INTO DISTRICT (ID, NAME, FEDERATION_ID, DISPLAYID) VALUES (22, 'Saarland', 13, 1);
INSERT INTO DISTRICT (ID, NAME, FEDERATION_ID, DISPLAYID) VALUES (23, 'Baden', 14, 1);
INSERT INTO DISTRICT (ID, NAME, FEDERATION_ID, DISPLAYID) VALUES (24, 'Würtemberg', 15, 1);
INSERT INTO DISTRICT (ID, NAME, FEDERATION_ID, DISPLAYID) VALUES (25, 'Oberbayern', 16, 1);
INSERT INTO DISTRICT (ID, NAME, FEDERATION_ID, DISPLAYID) VALUES (26, 'Niederbayern', 16, 2);
INSERT INTO DISTRICT (ID, NAME, FEDERATION_ID, DISPLAYID) VALUES (27, 'Oberfranken', 16, 3);
INSERT INTO DISTRICT (ID, NAME, FEDERATION_ID, DISPLAYID) VALUES (28, 'Mittelfranken', 16, 4);
INSERT INTO DISTRICT (ID, NAME, FEDERATION_ID, DISPLAYID) VALUES (29, 'Unterfranken', 16, 5);
INSERT INTO DISTRICT (ID, NAME, FEDERATION_ID, DISPLAYID) VALUES (30, 'Oberpfalz', 16, 6);
INSERT INTO DISTRICT (ID, NAME, FEDERATION_ID, DISPLAYID) VALUES (31, 'Schwaben', 16, 7);
INSERT INTO DISTRICT (ID, NAME, FEDERATION_ID, DISPLAYID) VALUES (32, 'Braunschweig', 17, 1);
INSERT INTO DISTRICT (ID, NAME, FEDERATION_ID, DISPLAYID) VALUES (33, 'Hannover', 17, 2);
INSERT INTO DISTRICT (ID, NAME, FEDERATION_ID, DISPLAYID) VALUES (34, 'Lüneburg', 17, 3);
INSERT INTO DISTRICT (ID, NAME, FEDERATION_ID, DISPLAYID) VALUES (35, 'Weser-Ems', 17, 4);

INSERT INTO FUNCTION (ID, FUNCTION) VALUES (1, 'menu.my_club');
INSERT INTO FUNCTION (ID, FUNCTION) VALUES (2, 'menu.courses');
INSERT INTO FUNCTION (ID, FUNCTION) VALUES (3, 'course.list.district');
INSERT INTO FUNCTION (ID, FUNCTION) VALUES (4, 'course.list.federation');

INSERT INTO ROLE (ID, ROLE) VALUES (1, 'Vereinsvertreter');
INSERT INTO ROLE (ID, ROLE) VALUES (2, 'Bezirksvertreter');
INSERT INTO ROLE (ID, ROLE) VALUES (3, 'Referent Lehrwesen');

INSERT INTO ROLE_FUNCTION (ROLE_ID, FUNCTION_ID) VALUES (1, 1);
INSERT INTO ROLE_FUNCTION (ROLE_ID, FUNCTION_ID) VALUES (2, 2);
INSERT INTO ROLE_FUNCTION (ROLE_ID, FUNCTION_ID) VALUES (2, 3);
INSERT INTO ROLE_FUNCTION (ROLE_ID, FUNCTION_ID) VALUES (3, 2);
INSERT INTO ROLE_FUNCTION (ROLE_ID, FUNCTION_ID) VALUES (4, 4);

INSERT INTO ANNOTATION (ID, NAME) VALUES (1, 'Teilnehmer');
INSERT INTO ANNOTATION (ID, NAME) VALUES (2, 'Referent');
INSERT INTO ANNOTATION (ID, NAME) VALUES (3, 'Vorstand');

INSERT INTO CONFIGURATION (ID, KEY, VALUE) VALUES (1, 'profile_pic.path', 'c:/jupa/profilepics/');

INSERT INTO CLUB (ID, NAME, DISTRICT_ID, DISPLAYID) VALUES (1, 'TV 1875 Paderborn e.V.', 6, 1);
INSERT INTO CLUB (ID, NAME, DISTRICT_ID, DISPLAYID) VALUES (2, 'SG Erfstadt 1970 e.V.', 8, 1);
INSERT INTO CLUB (ID, NAME, DISTRICT_ID, DISPLAYID) VALUES (3, 'TV "Jahn" Bad Driburg e.V.', 6, 2);
INSERT INTO CLUB (ID, NAME, DISTRICT_ID, DISPLAYID) VALUES (4, 'TV Eichen 1888 e.V.', 7, 1);

INSERT INTO USER (ID, USERNAME, PASSWORD, FORENAME, SURNAME, CLUB_ID) VALUES (1,  '0502001000015', 'test', 'Schüler', 'Eins', 1);
INSERT INTO USER (ID, USERNAME, PASSWORD, FORENAME, SURNAME, CLUB_ID) VALUES (2,  '0504001000019', 'test', 'Chefin', 'desVereins', 2);
INSERT INTO USER (ID, USERNAME, PASSWORD, FORENAME, SURNAME, CLUB_ID) VALUES (3,  '0502001000022', 'test', 'Chef', 'desVereins', 1);
INSERT INTO USER (ID, USERNAME, PASSWORD, FORENAME, SURNAME, CLUB_ID) VALUES (4,  '0502002000014', 'test', 'Referent', 'desBezirkes', 3);
INSERT INTO USER (ID, USERNAME, PASSWORD, FORENAME, SURNAME, CLUB_ID) VALUES (5,  '0503001000012', 'test', 'Lehr', 'Wart', 4);
INSERT INTO USER (ID, USERNAME, PASSWORD, FORENAME, SURNAME, CLUB_ID) VALUES (6,  '0502001000039', 'test', 'Schler', 'Zwei', 1);
INSERT INTO USER (ID, USERNAME, PASSWORD, FORENAME, SURNAME, CLUB_ID) VALUES (7,  '0502001000046', 'test', 'Schüler', 'Drei', 1);
INSERT INTO USER (ID, USERNAME, PASSWORD, FORENAME, SURNAME, CLUB_ID) VALUES (8,  '0502001000053', 'test', 'Schüler', 'Vier', 1);
INSERT INTO USER (ID, USERNAME, PASSWORD, FORENAME, SURNAME, CLUB_ID) VALUES (9,  '0502001000060', 'test', 'Schüler', 'Fünf', 1);
INSERT INTO USER (ID, USERNAME, PASSWORD, FORENAME, SURNAME, CLUB_ID) VALUES (10, '0502001000077', 'test', 'Schüler', 'Sechs', 1);
INSERT INTO USER (ID, USERNAME, PASSWORD, FORENAME, SURNAME, CLUB_ID) VALUES (11, '0502001000084', 'test', 'Schüler', 'Sieben', 1);

INSERT INTO USER_ROLE (USER_ID, ROLE_ID) VALUES (2, 1);
INSERT INTO USER_ROLE (USER_ID, ROLE_ID) VALUES (3, 1);
INSERT INTO USER_ROLE (USER_ID, ROLE_ID) VALUES (4, 1);
INSERT INTO USER_ROLE (USER_ID, ROLE_ID) VALUES (4, 2);
INSERT INTO USER_ROLE (USER_ID, ROLE_ID) VALUES (5, 1);
INSERT INTO USER_ROLE (USER_ID, ROLE_ID) VALUES (5, 3);

INSERT INTO USER_GRADING VALUES(0,1,15,'2012-06-30');
INSERT INTO USER_GRADING VALUES(1,1,14,'2009-11-14');
INSERT INTO USER_GRADING VALUES(2,1,13,'2007-06-16');
INSERT INTO USER_GRADING VALUES(3,1,12,'2005-07-23');
INSERT INTO USER_GRADING VALUES(4,1,10,'2001-12-01');
INSERT INTO USER_GRADING VALUES(5,1,8,'2000-10-07');
INSERT INTO USER_GRADING VALUES(6,1,6,'1999-11-27');
INSERT INTO USER_GRADING VALUES(7,1,3,'1999-05-22');
INSERT INTO USER_GRADING VALUES(8,3,3,'1988-11-23');
INSERT INTO USER_GRADING VALUES(9,3,6,'1989-07-10');
INSERT INTO USER_GRADING VALUES(10,3,8,'1990-03-14');
INSERT INTO USER_GRADING VALUES(11,3,10,'1991-02-27');
INSERT INTO USER_GRADING VALUES(12,3,12,'1991-11-27');
INSERT INTO USER_GRADING VALUES(13,3,13,'1992-12-12');
INSERT INTO USER_GRADING VALUES(14,3,14,'2000-09-02');
INSERT INTO USER_GRADING VALUES(15,3,15,'2004-09-11');
